id,res_name,res_type,res_addr,res_price,res_image,locate_x,locate_y,tag_solo,tag_special,tag_free,star_avg,rev_cnt,res_info,tag_tout
1,박서방순대국밥삼성본점,kor,서울 강남구 삼성로 520,8000,bak.jpg,37.508672,127.056003,1,0,0,0,0,테이스티로드에 나온 순대국 집,0
2,써브웨이 삼성점,etc,서울 강남구 삼성로 520,5000,sub.jpg,37.508612,127.056024,1,0,0,0,0,즉석에서 주문형 샌드위치와 샐러드를 만들어 주는 캐주얼한 가게,1
3,JVL 부대찌개,kor,서울 강남구 삼성동 152-51,8000,jvl.jpg,37.509716,127.056293,0,0,0,0,0,70년 전통의 미국 No.1 소시지 브랜드인 Johnsonville과 함께하는 프리미엄 부대찌개,0
4,삼대나주곰탕삼성점,kor,서울 강남구 삼성동 156-13,8000,3gom.jpg,37.509468,127.056051,0,0,0,0,0,24시간 따끈한 곰탕한그릇 배불리 드실수있는곳,0
5,백암순대국,kor,서울 강남구 삼성동 156-11,8000,baekam.jpg,37.509314,127.056208,0,0,0,0,0,깔끔한 순대국,0
6,한방정통삼계탕,kor,서울 강남구 삼성동 156-8,7000,sam.jpg,37.509123,127.056273,0,0,0,0,0,2002년도에 하지원의 맛집으로 소개된 삼계탕 전문점,0
7,오븐에빠진닭삼성점,kor,서울 강남구 삼성동 156-7,7500,oven.jpg,37.508806,127.056522,0,0,1,0,0,사장님이 직접 운영하는 점심 뷔페,0
8,IZAKAYA TAN,jpn,서울 강남구 삼성동 96길 7,8000,tan.jpg,37.508902,127.056473,0,1,0,0,0,"낮에는 밥집, 밤에는 술집 이라는 컨셉으로. 이자카야 느낌의 식당",1
9,EMOI,etc,서울 강남구 삼성동 157-8,10000,emoi.jpg,37.508582,127.05659,0,0,0,0,0,"손 발이 빠르고, 친절한 직원들이 손님 여러분을 반갑게 맞이합니다",1
10,한솥,kor,서울 강남구 삼성동 157,6000,hansot.jpg,37.508718,127.056927,1,0,0,0,0,가성비 좋은 도시락집,1
11,오감만족,kor,서울 강남구 삼성동 157-10,6000,ogam.jpg,37.508667,127.056784,0,0,0,0,0,김밥 뿐 아니라 분식류를 비롯 다양한 음식들을 판매,0
12,아우네,kor,서울 강남구 삼성1동 테헤란로83길 19,7000,aune.jpg,37.508553,127.05719,0,0,0,0,0,오랜기간 맛을 지켜온 부대찌개집,0
13,교대이층집 삼성점,kor,서울 강남구 삼성동 삼성로96길 9,8000,kyodae.jpg,37.508902,127.056659,0,1,0,0,0,"꽃삼겹이 매력적인 가게, 점심엔 다양한 밥과 찌개",0
14,돈꼬레,kor,서울 강남구 삼성1동 테헤란로83길 29 2 층,7000,donggo.jpg,37.508907,127.056821,0,1,0,0,0,"삼성동 삼겹살 돼지고기 구이집, 점심엔 깔끔한 김치찌개",0
15,화양연화,chn,서울 강남구 삼성1동 삼성로96길 11,7000,hwayang.jpg,37.508926,127.056796,0,1,0,0,0,"합리적인 런치, 가성비 좋고 분위기 좋은 중식집",0
16,큐큐면관,chn,서울 강남구 삼성로96길 7,5000,qq.jpg,37.508739,127.056331,1,0,0,0,0,세계 최고 차이니즈 다이닝을 지향 하는 큐큐면관,0
17,리칭,chn,서울 강남구 삼성1동 156-5,8000,rich.jpg,37.508666,127.055901,1,0,0,0,0,삼성동 맛있는 고급진 중국집,0
18,본설 삼성점,kor,서울 강남구 삼성1동 테헤란로83길 11,8000,bon.jpg,37.508161,127.057467,0,0,0,0,0,"설렁탕에 대한 새로운 해석으로 맛, 공간, 즐거움이 모두 새로워진 설렁탕",0
19,명동칼국수,kor,서울 강남구 삼성1동 테헤란로83길 14,7000,myung.jpg,37.508448,127.057713,0,0,0,0,0,오랜 전통의 칼국수집,0
20,제주생선구이 올래밥상,kor,서울 강남구 삼성로100길 14,8000,jeju.jpg,37.509687,127.056571,0,0,0,0,0,제주의 생선구이를 서울에서도 먹을 수 있는 올래밥상,0
21,바른식탁,kor,서울 강남구 테헤란로83길 15,6000,bareun.jpg,37.508398,127.05724,0,0,1,0,0,가성비 좋게 먹고싶은만큼 먹을 수 있는 삼성역 바른식탁,0
22,동경규동,jpn,서울 강남구 테헤란로83길 15,7000,ton.jpg,37.508742,127.0572,1,0,0,0,0,일본식 규동과 다양한 메뉴의 덮밥 전문점,0
23,일일향,chn,서울 강남구 삼성1동 테헤란로83길 20,8000,ilil.jpg,37.508733,127.057509,0,0,0,0,0,중국 본토에서 좋은 사람들과 함께 나누고 즐기던 귀한 중화요리를 선보입니다.,0
24,루나아시아,etc,서울 강남구 삼성1동 삼성로100길 15,10000,luna.jpg,37.509945,127.056595,0,0,0,0,0,인도 조리장들이 선사하는  100% 천연 향신료를 이용한 인도요리,0
25,원조광양불고기 삼성점,kor,서울 강남구 삼성로 529,7000,wonjo.jpg,37.509171,127.055014,0,1,0,0,0,한우를 천연양념한 광양불고기로 유명한 집,0
26,장정정,kor,서울 강남구 삼성로 517,9000,jang.jpg,37.507991,127.055325,1,0,0,0,0,"낮에는 밥집, 밤에는 술집 이라는 컨셉으로. 이자카야 느낌의 식당",0
27,김밥천국,kor,서울 강남구 삼성동 삼성로 517,5000,kimbab.jpg,37.508066,127.05553,1,0,0,0,0,대한민국의 김밥 전문점으로 김밥 뿐 아니라 분식류를 비롯 다양한 음식들을 판매,1
28,윤화식당,kor,서울 강남구 삼성2동 144-16,7000,yun.jpg,37.507995,127.055644,0,0,0,0,0,"윤화식당, 통돼지김치찌개가 맛있는 고깃집",0
